{"cameraMode":{"drawMode":0,"name":"Shaded","section":"Shading Mode"},"sceneLighting":true,"audioPlay":false,"sceneViewState":{"showFog":true,"showMaterialUpdate":false,"showSkybox":true,"showFlares":true,"showImageEffects":true,"showParticleSystems":true,"showVisualEffectGraphs":true,"m_FxEnabled":true},"in2DMode":false,"pivot":{"x":359.4691467285156,"y":662.6477661132813,"z":-435.6993713378906},"rotation":{"x":0.16088946163654328,"y":0.18459850549697877,"z":-0.030130719766020776,"w":0.9692275524139404},"size":111.16246032714844,"orthographic":false}